repo_name,easy_file,hard_file
Ruben2776/PicView,PicView/UILogic/UC.cs,PicView/ImageHandling/GetImageData.cs
Ruben2776/PicView,PicView/UILogic/UC.cs,PicView/Views/Windows/SettingsWindow.xaml.cs
Ruben2776/PicView,PicView/UILogic/UC.cs,PicView/Views/UserControls/Buttons/X2.xaml.cs
Ruben2776/PicView,PicView/UILogic/UC.cs,PicView/ImageHandling/ImageDecoder.cs
Ruben2776/PicView,PicView/PicGallery/GalleryFunctions.cs,PicView/Views/Windows/SettingsWindow.xaml.cs
Ruben2776/PicView,PicView/PicGallery/GalleryFunctions.cs,PicView/ImageHandling/GetImageData.cs
Ruben2776/PicView,PicView/PicGallery/GalleryFunctions.cs,PicView/Views/UserControls/Buttons/X2.xaml.cs
Ruben2776/PicView,PicView/PicGallery/GalleryFunctions.cs,PicView/ImageHandling/ImageDecoder.cs
Ruben2776/PicView,PicView/UILogic/Loading/EventsHandling.cs,PicView/ImageHandling/GetImageData.cs
Ruben2776/PicView,PicView/UILogic/Loading/EventsHandling.cs,PicView/Views/UserControls/Buttons/X2.xaml.cs
Ruben2776/PicView,PicView/UILogic/Loading/EventsHandling.cs,PicView/Views/Windows/SettingsWindow.xaml.cs
Ruben2776/PicView,PicView/UILogic/Loading/EventsHandling.cs,PicView/ImageHandling/ImageDecoder.cs
Ruben2776/PicView,PicView/UILogic/Loading/LoadContextMenus.cs,PicView/Views/Windows/SettingsWindow.xaml.cs
Ruben2776/PicView,PicView/UILogic/Loading/LoadContextMenus.cs,PicView/ImageHandling/GetImageData.cs
Ruben2776/PicView,PicView/UILogic/Loading/LoadContextMenus.cs,PicView/ImageHandling/ImageDecoder.cs
Ruben2776/PicView,PicView/UILogic/Loading/LoadContextMenus.cs,PicView/Views/UserControls/Buttons/X2.xaml.cs
