repo_name,file,commit,is_corrective,is_refactor
2sic/eav-server,ToSic.Eav.Core.Tests/PlumbingTests/ObjectExtensionTests/ChangeTypeTests.ToBool.cs,ca3f826c513e1d17e92d220276babcfe8ccce75a,false,true
2sic/eav-server,ToSic.Eav.Core.Tests/PlumbingTests/ObjectExtensionTests/ChangeTypeTests.ToDateTime.cs,ca3f826c513e1d17e92d220276babcfe8ccce75a,false,true
2sic/eav-server,ToSic.Eav.Core.Tests/PlumbingTests/ObjectExtensionTests/ChangeTypeTests.ToNumber.cs,ca3f826c513e1d17e92d220276babcfe8ccce75a,false,true
2sic/eav-server,ToSic.Eav.Core.Tests/PlumbingTests/ObjectExtensionTests/ChangeTypeTests.ToString.cs,ca3f826c513e1d17e92d220276babcfe8ccce75a,false,true
2sic/eav-server,ToSic.Eav.Core.Tests/PlumbingTests/ObjectExtensionTests/ChangeTypeTests.cs,ca3f826c513e1d17e92d220276babcfe8ccce75a,false,true
ACEmulator/ACE,Source/ACE.Server/Managers/RecipeManager.cs,14d4c5e8714d81fe06751590715e9557d696fc56,false,true
ArduPilot/MissionPlanner,ExtLibs/ArduPilot/Mavlink/MAVLinkInterface.cs,3df0657408a30306c6a715c3f51cd2e4be3a701e,true,false
ArduPilot/MissionPlanner,GCSViews/ConfigurationView/ConfigFirmwareManifest.cs,ca35766432fe1b5823144a8dcf0a2a2a4c907307,true,false
Arkhist/Hacknet-Pathfinder,PathfinderAPI/Port/ComputerExtensions.cs,3bf150077fbf16f2f398113f0f0f83962b21764c,true,false
Arkhist/Hacknet-Pathfinder,PathfinderAPI/Port/PortManager.cs,ad4fb7dd675c88176416c9953d64687c53c0de29,true,false
Azure/azure-sdk-for-net,sdk/storage/Microsoft.Azure.WebJobs.Extensions.Storage.Common/src/Shared/SkuUtility.cs,227a393ede39ebee2aecde825bc690912bffefd7,true,false
Azure/azure-sdk-for-net,sdk/storage/Microsoft.Azure.WebJobs.Extensions.Storage.Common/tests/Microsoft.Azure.WebJobs.Extensions.Storage.Common.Tests.csproj,227a393ede39ebee2aecde825bc690912bffefd7,true,false
Azure/azure-sdk-for-net,sdk/storage/Microsoft.Azure.WebJobs.Extensions.Storage.Common/tests/SkuUtilityTests.cs,227a393ede39ebee2aecde825bc690912bffefd7,true,false
Azure/azure-sdk-for-net,sdk/servicebus/Microsoft.Azure.ServiceBus/src/Core/MessageReceiver.cs,628b41c32fc59f67234359210b691dc9e487f7c7,true,false
Azure/azure-sdk-for-net,sdk/keyvault/Azure.Security.KeyVault.Secrets/tests/Azure.Security.KeyVault.Secrets.Tests.csproj,943b05e3a3dfc54aaeee000c77303b5072616ec2,true,false
Azure/azure-sdk-for-net,sdk/keyvault/Azure.Security.KeyVault.Secrets/tests/SecretsTestBase.cs,943b05e3a3dfc54aaeee000c77303b5072616ec2,true,false
Azure/azure-sdk-for-net,sdk/keyvault/Azure.Security.KeyVault.Secrets/tests/SessionRecords/SecretClientLiveTests/AuthenticateCrossTenant.json,943b05e3a3dfc54aaeee000c77303b5072616ec2,true,false
Azure/azure-sdk-for-net,sdk/keyvault/Azure.Security.KeyVault.Secrets/tests/SessionRecords/SecretClientLiveTests/AuthenticateCrossTenantAsync.json,943b05e3a3dfc54aaeee000c77303b5072616ec2,true,false
Azure/azure-sdk-for-net,sdk/keyvault/Azure.Security.KeyVault.Shared/src/ChallengeBasedAuthenticationPolicy.cs,943b05e3a3dfc54aaeee000c77303b5072616ec2,true,false
Azure/azure-sdk-for-net,sdk/webpubsub/ci.yml,a949efa906149dd1f2a834156a00f9d04b203b6a,true,true
Azure/azure-sdk-for-net,sdk/identity/Azure.Identity/src/ManagedIdentitySource.cs,e7c17aae18cf6205d94f9a42a64a66ef3dcbb01d,true,false
Azure/azure-sdk-for-net,sdk/identity/Azure.Identity/tests/ManagedIdentityCredentialTests.cs,e7c17aae18cf6205d94f9a42a64a66ef3dcbb01d,true,false
Azure/azure-sdk-for-net,sdk/extensions/Azure.Extensions.AspNetCore.Configuration.Secrets/src/AzureKeyVaultConfigurationProvider.cs,f6319e4b06a8dbc8bd6913b02c0f19f6dc09c15c,true,false
Azure/azure-sdk-for-net,sdk/extensions/Azure.Extensions.AspNetCore.Configuration.Secrets/tests/AzureKeyVaultConfigurationTests.cs,f6319e4b06a8dbc8bd6913b02c0f19f6dc09c15c,true,false
Azure/durabletask,Test/DurableTask.AzureStorage.Tests/ScheduleTaskTests.cs,2ebcda24ced47a39b2b3cd76257a54c71a13343e,true,false
Azure/durabletask,src/DurableTask.Core/TaskOrchestrationContext.cs,2ebcda24ced47a39b2b3cd76257a54c71a13343e,true,false
AzureAD/microsoft-authentication-library-for-dotnet,tests/Microsoft.Identity.Test.Unit/CoreTests/RegionDiscoveryProviderTests.cs,5609eb699445bbc98142b141fffd2c889b02bfc6,true,true
AzureAD/microsoft-authentication-library-for-dotnet,src/client/Microsoft.Identity.Client/AppConfig/IAppConfig.cs,629e0c1c3dfc4d21f2f64b327e98f1763c3d5031,true,true
AzureAD/microsoft-authentication-library-for-dotnet,src/client/Microsoft.Identity.Client/Platforms/Features/WamBroker/WamBroker.cs,99d42f284307aa0effe490809c9796d49c5092af,true,false
AzureAD/microsoft-authentication-library-for-dotnet,tests/Microsoft.Identity.Test.Unit/BrokerTests/WamTests.cs,99d42f284307aa0effe490809c9796d49c5092af,true,false
BrighterCommand/Brighter,src/Paramore.Brighter.MessagingGateway.Kafka/KafkaMessagingGateway.cs,6bfaf2b6b0a2426e0497e88142409fcb6f35617a,true,false
Cinchoo/ChoETL,src/ChoETL/Common/ExtensionMethods/ChoXmlNodeEx.cs,63ea0f9f0db6bd872565f6ea28bf0b2ebed6efb4,true,false
Cinchoo/ChoETL,src/Test/ChoAvroReaderTest/ChoAvroReaderTest.csproj,c6f5d3dc1e6ad5964c26573844e07965302a79bf,true,false
Cinchoo/ChoETL,src/Test/ChoAvroReaderTest/Program.cs,c6f5d3dc1e6ad5964c26573844e07965302a79bf,true,false
Cinchoo/ChoETL,src/Test/ChoAvroReaderTest/twitter.avro,c6f5d3dc1e6ad5964c26573844e07965302a79bf,true,false
Cinchoo/ChoETL,src/Test/ChoAvroReaderTest/twitter.snappy.avro,c6f5d3dc1e6ad5964c26573844e07965302a79bf,true,false
Cinchoo/ChoETL,src/ChoETL/ChoETL.sln,ecbd4c211d174676066ebe328afadb0a4d4b16e5,true,false
Cinchoo/ChoETL,src/Test/ChoXmlWriterTest.Core/ChoXmlWriterTest.Core.csproj,ecbd4c211d174676066ebe328afadb0a4d4b16e5,true,false
CypherCore/CypherCore,Source/Game/Guilds/Guild.cs,474feb0bb1594e06d51bc9a96b4afb62e388e1fe,true,false
CypherCore/CypherCore,Source/Scripts/Pets/Hunter.cs,8a976ee972ecfb85b9c8bc8666ac877eec5be13c,false,true
CypherCore/CypherCore,Source/Game/AI/CoreAI/PassiveAI.cs,d6f5d10da55641cf16c0af79377d8833cc8333d8,true,false
CypherCore/CypherCore,Source/Game/Chat/Commands/LookupCommands.cs,dc6545a6521840c8d84e3387af262cb569f4a7d3,true,false
DesignEngrLab/TVGL,TessellationAndVoxelizationGeometryLibrary/TessellatedSolid/ModifyTessellation/ComplexifyTessellation.cs,7fd9632350fa63ce53a0e42d66c4201f5a409d7b,true,false
Elders/Cronus.Transport.RabbitMQ,src/Elders.Cronus.Transport.RabbitMQ/ContinuousConsumer.cs,0f9670765d446838ecc2a3a19b6645e8a8cac130,true,false
Facepunch/Facepunch.Steamworks,Facepunch.Steamworks/Structs/Stat.cs,132b1a579bab7191dadb5d8a11366770a1f2d496,true,false
FireFox2000000/Moonscraper-Chart-Editor,Moonscraper Chart Editor/Assets/Scripts/Game/Systems/Visual/DrawBeatLines.cs,9586c62c37be74884b386d4cf8b62cee51838334,true,false
GNOME/chronojump,src/gui/app1/jump.cs,a6259b4ff7eaaf0f3203769837acb7accef479dd,true,false
GridProtectionAlliance/gsf,Source/Libraries/GSF.TimeSeries/GSF.TimeSeries.csproj,cdc8c7677329f6fa8ba5498013aabafcb0811475,true,false
GridProtectionAlliance/gsf,Source/Libraries/GSF.TimeSeries/Statistics/DeviceStatisticsHelper.cs,cdc8c7677329f6fa8ba5498013aabafcb0811475,true,false
HicServices/RDMP,Rdmp.UI/CommandExecution/Proposals/ProposeExecutionWhenTargetIsFilterContainer.cs,e24605a12c684a020d373a941d38125e1f6860f3,true,false
IntelliTect/Coalesce,src/coalesce-vue/src/util.ts,75f3ad7efc0ab4d2073c007403f309feede9b8e8,true,false
Jackett/Jackett,src/Jackett.Common/Definitions/DasUnerwartete.yml,0534f920e7e5ceff2297e99431517340da256bf7,true,false
Jackett/Jackett,src/Jackett.Common/Definitions/torrentleech.yml,2c5369ee49f0b91c4c9320218217f5b54f6598f4,false,true
Jackett/Jackett,src/Jackett.Common/Indexers/TorrentLeech.cs,2c5369ee49f0b91c4c9320218217f5b54f6598f4,false,true
Jackett/Jackett,src/Jackett.Common/Definitions/reelflix.yml,360d7479fda73a6503a631b5e09cf04b2c1d1406,false,true
Jackett/Jackett,src/Jackett.Common/Services/IndexerManagerService.cs,360d7479fda73a6503a631b5e09cf04b2c1d1406,false,true
Jackett/Jackett,src/Jackett.Common/Indexers/ThePirateBay.cs,36607f2c78cf31a03d3b59dd0483d3157d46f568,false,true
Jackett/Jackett,src/Jackett.Common/Indexers/BaseIndexer.cs,3ca7f6bbbe59bfe01b309aa4b3cc10ba27be78f7,true,false
Jackett/Jackett,src/Jackett.Common/Definitions/datascene.yml,4573a1124a3ae33ec7b1dd11498416cfdf8e045e,true,false
Jackett/Jackett,src/Jackett.Common/Definitions/nyaa-pantsu.yml,4926b8db6c2e079d2c036aef99b24e139a39d033,true,false
Jackett/Jackett,src/Jackett.Common/Definitions/sukebei-pantsu.yml,4926b8db6c2e079d2c036aef99b24e139a39d033,true,false
Jackett/Jackett,src/Jackett.Common/Definitions/torrent-paradise-ml.yml,5822194133b61203bff7490811349b4c4f4742c0,false,true
Jackett/Jackett,src/Jackett.Common/Indexers/TorrentParadiseMl.cs,5822194133b61203bff7490811349b4c4f4742c0,false,true
Jackett/Jackett,src/Jackett.Common/Definitions/montorrent.yml,762e9991098022d6fe9d1dbe0090a48e25b0f9f4,true,false
Jackett/Jackett,src/Jackett.Common/Definitions/bit-titan.yml,8562f19a30c51c68783bbb080353e7ba05b8765e,false,true
Jackett/Jackett,src/Jackett.Common/Indexers/BitTitan.cs,8562f19a30c51c68783bbb080353e7ba05b8765e,false,true
Jackett/Jackett,src/Jackett.Common/Definitions/internetarchive.yml,8583438b4bd2f779a0bc18b41118975c791c682c,false,true
Jackett/Jackett,src/Jackett.Common/Indexers/InternetArchive.cs,8583438b4bd2f779a0bc18b41118975c791c682c,false,true
Jackett/Jackett,src/Jackett.Common/Indexers/MoreThanTV.cs,89d6f44d6f9249fe66fdc51a5dda1a5c9d7d3a68,true,false
Jackett/Jackett,src/Jackett.Common/Indexers/TVVault.cs,99fd3a117bf2d15328f1fdf42cbfd0f8274c1ddf,true,false
Jackett/Jackett,src/Jackett.Common/Indexers/RuTracker.cs,9df84d76e7fd1a81bc1f25316171e0218eba95e9,true,false
Jackett/Jackett,src/Jackett.Common/Indexers/Abstract/GazelleTracker.cs,ab9f7bbb9883e524274a22a4158b02f4f9899597,true,false
Jackett/Jackett,src/Jackett.Common/Definitions/mactorrents.yml,c378c2605c8d1d1626c40a786af2693f06f05058,true,false
Jackett/Jackett,src/Jackett.Common/Definitions/milkie.yml,cb55cb2f779a175b5a20e6ef1fcc821a1db69d79,false,true
Jackett/Jackett,src/Jackett.Common/Indexers/Milkie.cs,cb55cb2f779a175b5a20e6ef1fcc821a1db69d79,false,true
Jackett/Jackett,src/Jackett.Common/Definitions/sharefiles.yml,d8224a2a40c2c5421d557a0787fe06e8084c587a,true,false
Jackett/Jackett,src/Jackett.Common/Definitions/hush.yml,e189bb5669f6f5b8b778796a978c4259f854c465,true,false
Jackett/Jackett,src/Jackett.Common/Definitions/tntfork.yml,e51ee147db715a137d795d9f1c47ed7cc3c40734,true,false
JasperFx/jasper,src/Jasper/Util/CombGuidIdGeneration.cs,2b7b2884b21a57eac3283a821c65746d62b376ce,false,true
JonasSamuelsson/Handyman,src/Handyman.DataContractValidator/src/Dictionary.cs,8acd194d4789a3cb9663d35ed29199db7f979902,false,true
JosefNemec/Playnite,source/Playnite/Common/Extensions/Enums.cs,7feea4b99c05d5c559d5d74692d9f87f962ce6de,true,false
JosefNemec/Playnite,source/Playnite/Database/GameDatabaseMigration.cs,b56e38546a5cfd4e6893552fec4956d37c335c49,true,false
JosefNemec/Playnite,source/Playnite/Database/DatabaseExplorer.cs,e785a9cbbd02d293407aad98ca6f169d4be85fcf,true,false
JosefNemec/Playnite,source/Playnite.DesktopApp/Controls/GameTaskView.xaml.cs,e8bc5a379ff4b52e589b63897c015217c6a1489e,true,false
Kagamia/WzComparerR2,WzComparerR2/CharaSimControl/GearGraphics.cs,5ad77094e95beae2bf08ce885a8969d898467486,true,false
Kagamia/WzComparerR2,WzComparerR2.LuaConsole/FrmConsole.cs,7c5921f4c61d76fa974fc51c038b6fbad7305b18,true,false
Nethereum/Nethereum,src/Nethereum.BlockchainProcessing/LogProcessing/LogOrchestrator.cs,e2d9f87dedee28c30d598cc246cc3d779ccfcf26,true,false
OpenRA/OpenRA,OpenRA.Mods.D2k/Traits/Buildings/D2kActorPreviewPlaceBuildingPreview.cs,139af0c2bcf0be8f11dc41c15b542e6e9348b727,true,false
OpenRA/OpenRA,OpenRA.Mods.Common/Widgets/Logic/Editor/ActorSelectorLogic.cs,442752b6ba185f0a73544291f87108bb3765fe88,true,false
OpenRA/OpenRA,OpenRA.Mods.Common/Lint/CheckTraitLocation.cs,62c083bb013c6ea83c871ff59689226770778f8c,false,true
OpenRA/OpenRA,OpenRA.Mods.Common/Widgets/VideoPlayerWidget.cs,6edd5d7bfa479da0cf140980a326220af35909f3,true,true
OpenRA/OpenRA,OpenRA.Mods.Common/Activities/Move/Move.cs,9bcbbdd3fc931c64e49305b2c7a1ba769cc2462a,false,true
Piotrekol/StreamCompanion,docs/docs/guide/configuration.md,d278db2ec60bf64fa6c5da30468e23e09cdba146,true,false
Piotrekol/StreamCompanion,docs/docs/guide/getting-started.md,d278db2ec60bf64fa6c5da30468e23e09cdba146,true,false
Piotrekol/StreamCompanion,docs/package.json,d278db2ec60bf64fa6c5da30468e23e09cdba146,true,false
PiranhaCMS/piranha.core,.gitignore,f5f7c466dc6f2225a17cc541267a205a171064bc,true,false
PiranhaCMS/piranha.core,core/Piranha/Runtime/AppMethod.cs,f5f7c466dc6f2225a17cc541267a205a171064bc,true,false
QuantConnect/Lean,Indicators/RelativeStrengthIndex.cs,3ff7882dbf5f09002715ed596f419e724da49c45,true,false
QuantConnect/Lean,Indicators/PivotPointsHighLow.cs,67081a8a056eb73a4ac371390358a1389142eae7,true,false
QuantConnect/Lean,Common/Securities/Index/IndexSymbol.cs,dace6d7ee12d481bca80b86eb2fc0dc71dbf3338,true,false
QuantConnect/Lean,Common/Securities/SecurityHolding.cs,f55588e4c60bc826d86a52d2f4b5730f9bf39e4d,false,true
Rickedb/OpenProtocolInterpreter,src/OpenProtocolInterpreter/Tightening/Mid0065.cs,427308bc6aa24e366fdf12d7ed511747eefa8db8,true,false
Rickedb/OpenProtocolInterpreter,src/OpenProtocolInterpreter/Tightening/Mid0064.cs,e195241dbba74f679fff85ecb70a67abd8b9bde8,true,false
SenseNet/sensenet,src/Services.Core/Operations/ClientStoreOperations.cs,7592c1ff05079ba92b0f38d855380699a84c5363,true,false
Serg-Norseman/GEDKeeper,build_all.linux.x86.cmd,673835aaa88f28d218e653756b08ef607590b45a,false,true
Serg-Norseman/GEDKeeper,projects/GEDKeeper2.linux.sln,673835aaa88f28d218e653756b08ef607590b45a,false,true
Serg-Norseman/GEDKeeper,projects/GKv2/GKTray/GKTray.cs,673835aaa88f28d218e653756b08ef607590b45a,false,true
Serg-Norseman/GEDKeeper,projects/GKv2/GWTreePlugin/.editorconfig,673835aaa88f28d218e653756b08ef607590b45a,false,true
Serg-Norseman/GEDKeeper,projects/GKv2/GWTreePlugin/.gitignore,673835aaa88f28d218e653756b08ef607590b45a,false,true
Serg-Norseman/GEDKeeper,projects/GKv2/GWTreePlugin/clean.cmd,673835aaa88f28d218e653756b08ef607590b45a,false,true
ShareX/ShareX,ShareX/Resources/image-resize.png,1f5be388122584a09baae9b39027afadc7d8224a,false,true
ShareX/ShareX,ShareX/Resources/layout-select-content.png,1f5be388122584a09baae9b39027afadc7d8224a,false,true
ShareX/ShareX,ShareX/Resources/layout-select-sidebar.png,1f5be388122584a09baae9b39027afadc7d8224a,false,true
ShareX/ShareX,ShareX/Resources/layout-select.png,1f5be388122584a09baae9b39027afadc7d8224a,false,true
ShareX/ShareX,ShareX/Resources/ui-thumbnail-title.png,1f5be388122584a09baae9b39027afadc7d8224a,false,true
Slazanger/SMT,EVEData/LocalCharacter.cs,c7c17a65f3ec9ef611f778ef883878859a7482fb,true,false
Squidex/squidex,backend/src/Migrations/MigrationPath.cs,bda8d1f435ebdc48dc8b09cbbe79f0067fe42e71,true,false
Squidex/squidex,backend/src/Squidex.Web/Resources.cs,cecbb2c5905eccb62965f136a04fe38c8b6aab43,true,false
StockSharp/StockSharp,Samples/Connectors/SampleConnection/SecuritiesWindow.xaml.cs,568e951f7ffc71b7001fe2c071e30568b0714040,true,false
StockSharp/StockSharp,Algo/Import/FieldMappingRegistry.cs,6b6c59c59a0937ff1cbf8e253769edc86ff22077,true,false
StockSharp/StockSharp,Algo/Indicators/AverageTrueRange.cs,b5ade456edc9eadcaf0d8790fe23f7ac47b79a9d,true,false
SubnauticaNitrox/Nitrox,NitroxServer/GameLogic/Entities/Spawning/BatchEntitySpawner.cs,a6157de35fb5503b5f74743a6db89500d81cb156,true,false
SubtitleEdit/subtitleedit,src/ui/Controls/SubtitleListView.cs,48e756be3ed884b506a30aed03845209f8e8eab7,true,false
SubtitleEdit/subtitleedit,src/libse/SubtitleFormats/AdvancedSubStationAlpha.cs,d8f7b9a0bb9cca373d28eb02c5e5a2fff1dea026,true,false
SubtitleEdit/subtitleedit,src/libse/Common/DialogSplitMerge.cs,e8a48504ea41d41198e01cddc4e067a9d5a2c160,true,false
TechnitiumSoftware/DnsServer,DnsServerCore/Dns/StatsManager.cs,00be9b821022021516807c0aef57bd1dc223ee7d,false,true
TechnitiumSoftware/DnsServer,DnsServerCore/www/js/logs.js,928e70e7bd060f8891bf36a81a68895a23a94fc0,false,true
TechnitiumSoftware/DnsServer,DnsServerCore/www/js/other-zones.js,9c471fbc715b86cca0ecca4b0aab2675abf21c5b,false,true
TechnitiumSoftware/DnsServer,DnsServerCore/www/js/zone.js,a76e43e6b050c32e902de425ea58d97e316ef2b5,false,true
TechnitiumSoftware/DnsServer,DnsServerCore.ApplicationCommon/IDnsQueryLogger.cs,ce3214c9fb4b87b53ffb3fd90c7618daa7a53ea1,true,false
TechnitiumSoftware/DnsServer,DnsServerCore/WebServiceZonesApi.cs,e2679df92e3d74a2f02907bc2806e0bf89580fd5,true,false
TrinityCore/WowPacketParser,WowPacketParserModule.V9_0_1_36216/Hotfix/SpellReagentsCurrencyEntry.cs,2bf8b6bd7f01f70cb5a52147028b80a33aba5b10,true,false
TrinityCore/WowPacketParser,WowPacketParserModule.V9_0_1_36216/Parsers/ChatHandler.cs,509f991b9c0de6b046d20a0a12d54432a8644b10,true,false
TrinityCore/WowPacketParser,WowPacketParser/DBC/Structures/Shadowlands/MapEntry.cs,5eccd85a983f8b9c82b95e3a67f6dcd18e513fd1,true,false
TrinityCore/WowPacketParser,WowPacketParser/SQL/SQLUtil.cs,62627ac9de1ccc23b6e6a69891a54a82b6f080d5,true,false
TrinityCore/WowPacketParser,WowPacketParser/Store/Objects/PlayerCreateInfo.cs,8dd1386abdfc914353e8273752ddb08261c488f5,true,false
TrinityCore/WowPacketParser,WowPacketParserModule.V9_0_1_36216/Parsers/AchievementHandler.cs,ad891082ee1fc5a42fe99affb4d6486fed2648db,true,false
TrinityCore/WowPacketParser,WowPacketParser/SQL/Builders/Spawns.cs,d183bf619ea0d037802b0a71d09fb9003ae8d6b0,true,false
TrinityCore/WowPacketParser,WowPacketParserModule.V9_0_1_36216/Parsers/GarrisonHandler.cs,dda5aa659d25e5075cdbacc7922e3e1e7432091b,true,false
TrinityCore/WowPacketParser,WowPacketParserModule.V9_0_1_36216/Parsers/QuestHandler.cs,fa4938076c6f51ac91ad95ef1ae799d52352e6b4,true,false
YAFNET/YAFNET,yafsrc/YAF.Core/Services/Search.cs,08e8f6f0f0b4bf22dbec570c654b0aaa34cf7075,true,false
YAFNET/YAFNET,yafsrc/YetAnotherForum.NET/Controls/ForumStatsUsers.ascx.cs,8749d2e317873640ee05b73ac98c70b030eeb07a,true,false
YAFNET/YAFNET,yafsrc/YAF.Types/Extensions/NameValueCollectionExtensions.cs,dc1dceaa0d252aa765d59dfeab2b03865e267e95,true,false
akkadotnet/HOCON,Hocon.sln,8141e4581ac1829267319dbb6c1e8be041ec927a,true,false
akkadotnet/HOCON,build-system/azure-pipeline.template.yaml,8141e4581ac1829267319dbb6c1e8be041ec927a,true,false
akkadotnet/HOCON,build-system/pr-validation.yaml,8141e4581ac1829267319dbb6c1e8be041ec927a,true,false
akkadotnet/HOCON,build.ps1,8141e4581ac1829267319dbb6c1e8be041ec927a,true,false
akkadotnet/HOCON,build.sh,8141e4581ac1829267319dbb6c1e8be041ec927a,true,false
akkadotnet/HOCON,src/Hocon.API.Tests/Hocon.API.Tests.csproj,8141e4581ac1829267319dbb6c1e8be041ec927a,true,false
akkadotnet/HOCON,src/Hocon.API.Tests/HoconAPISpec.cs,8141e4581ac1829267319dbb6c1e8be041ec927a,true,false
akkadotnet/HOCON,src/Hocon.API.Tests/HoconAPISpecConfig.cs,8141e4581ac1829267319dbb6c1e8be041ec927a,true,false
akkadotnet/HOCON,src/Hocon.Benchmarks/Hocon.Benchmarks.csproj,8141e4581ac1829267319dbb6c1e8be041ec927a,true,false
akkadotnet/HOCON,src/Hocon.Configuration.Test/Hocon.Configuration.Tests.csproj,8141e4581ac1829267319dbb6c1e8be041ec927a,true,false
akkadotnet/HOCON,src/Hocon.Configuration/Hocon.Configuration.csproj,8141e4581ac1829267319dbb6c1e8be041ec927a,true,false
akkadotnet/HOCON,src/Hocon.Extensions.Configuration.Tests/Hocon.Extensions.Configuration.Tests.csproj,8141e4581ac1829267319dbb6c1e8be041ec927a,true,false
akkadotnet/HOCON,src/Hocon.Extensions.Configuration/Hocon.Extensions.Configuration.csproj,8141e4581ac1829267319dbb6c1e8be041ec927a,true,false
akkadotnet/HOCON,src/Hocon.Immutable.Tests/Hocon.Immutable.Tests.csproj,8141e4581ac1829267319dbb6c1e8be041ec927a,true,false
akkadotnet/HOCON,src/Hocon.Immutable/Hocon.Immutable.csproj,8141e4581ac1829267319dbb6c1e8be041ec927a,true,false
akkadotnet/HOCON,src/Hocon.Tests.Performance/Hocon.Tests.Performance.csproj,8141e4581ac1829267319dbb6c1e8be041ec927a,true,false
akkadotnet/HOCON,src/Hocon.Tests/Hocon.Tests.csproj,8141e4581ac1829267319dbb6c1e8be041ec927a,true,false
akkadotnet/HOCON,src/Hocon/Hocon.csproj,8141e4581ac1829267319dbb6c1e8be041ec927a,true,false
akkadotnet/HOCON,src/examples/ExternalIncludes/ExternalIncludes.csproj,8141e4581ac1829267319dbb6c1e8be041ec927a,true,false
akkadotnet/HOCON,src/examples/Fallback/Fallback.csproj,8141e4581ac1829267319dbb6c1e8be041ec927a,true,false
akkadotnet/HOCON,src/examples/HelloHocon/HelloHocon.csproj,8141e4581ac1829267319dbb6c1e8be041ec927a,true,false
akkadotnet/HOCON,src/examples/ObjectMerge/ObjectMerge.csproj,8141e4581ac1829267319dbb6c1e8be041ec927a,true,false
akkadotnet/HOCON,src/examples/SimpleSubstitutions/SimpleSubstitutions.csproj,8141e4581ac1829267319dbb6c1e8be041ec927a,true,false
apache/lucenenet,src/Lucene.Net/Search/TopScoreDocCollector.cs,266afb355c30d6d977e3908c2c5226ed38a2bb18,true,false
apache/lucenenet,src/Lucene.Net/Support/Util/ListExtensions.cs,2e8fb68a1e903dadd3b9c11d39cc9a00b46f2f1a,false,true
apache/lucenenet,src/Lucene.Net.Tests.QueryParser/Support/Flexible/Core/Messages/MessagesTest.ja.resx,8bca375b07b5759d3b6cf6230a3c3b196c0d3192,true,false
apache/lucenenet,src/Lucene.Net.Tests.QueryParser/Support/Flexible/Core/Messages/MessagesTest.resx,8bca375b07b5759d3b6cf6230a3c3b196c0d3192,true,false
apache/lucenenet,src/dotnet/tools/lucene-cli/commands/ExitCode.cs,8bca375b07b5759d3b6cf6230a3c3b196c0d3192,true,false
apache/lucenenet,src/Lucene.Net.Tests.Sandbox/Queries/TestSlowFuzzyQuery.cs,8e5ecafa44738765ca04004b8bf96e03e4e94e56,true,false
apache/lucenenet,src/Lucene.Net/Search/FuzzyTermsEnum.cs,8e5ecafa44738765ca04004b8bf96e03e4e94e56,true,false
apache/lucenenet,src/Lucene.Net.Expressions/ScoreFunctionValues.cs,bfa4c6856df04f8d5881ab07ebb24c9ecff53d37,true,false
apache/lucenenet,src/Lucene.Net.Tests.Expressions/TestExpressionSorts.cs,bfa4c6856df04f8d5881ab07ebb24c9ecff53d37,true,false
apache/lucenenet,src/Lucene.Net/Support/WeakDictionary.cs,f68cbb3ef79e0635397fcc367267ee252e2264c1,true,false
apache/lucenenet,src/Lucene.Net.Sandbox/Queries/SlowFuzzyTermsEnum.cs,f6c668d56aec5cdc27e4f1f51ebe85a0e0a1cf11,true,false
ashmind/SharpLab,source/Container/Runtime/FlowWriter.cs,c62e3658ea0a3be2110142eab4194392b23f382a,true,false
atata-framework/atata,src/Atata/Context/AtataContext.cs,2caf031e976663f20c6e2a19756257d68404cc27,false,true
bepu/bepuphysics2,BepuPhysics/CollisionDetection/MeshReduction.cs,b7566c2aa0bfa0ecb6b878bdf64e0a59dce86664,true,false
bgrainger/MySql.Data,src/MySqlConnector/MySqlErrorCode.g.cs,e8241a5da5f9de61dd8baad9b2456979d62f163d,true,false
bitwarden/mobile,src/App/Pages/CaptchaProtectedViewModel.cs,62a8d1c01760e326fdd84aa11b9afb9fab6baf76,true,false
blakeohare/crayon,Compiler/CommonUtil/Wax/WaxHub.cs,9c1732c722db2c6840c75d73e057c7066db04659,false,true
btcpayserver/btcpayserver,BTCPayServer/Views/Invoice/Checkout-Body.cshtml,143d5f69c16a309b27c058233ca39aeabc4ded73,true,false
btcpayserver/btcpayserver,BTCPayServer/Views/Manage/ConfirmAPIKey.cshtml,143d5f69c16a309b27c058233ca39aeabc4ded73,true,false
btcpayserver/btcpayserver,BTCPayServer/Views/Notifications/Index.cshtml,143d5f69c16a309b27c058233ca39aeabc4ded73,true,false
btcpayserver/btcpayserver,BTCPayServer/Views/Server/DynamicDnsService.cshtml,143d5f69c16a309b27c058233ca39aeabc4ded73,true,false
btcpayserver/btcpayserver,BTCPayServer/Views/Server/LndSeedBackup.cshtml,143d5f69c16a309b27c058233ca39aeabc4ded73,true,false
btcpayserver/btcpayserver,BTCPayServer/Views/Stores/Rates.cshtml,143d5f69c16a309b27c058233ca39aeabc4ded73,true,false
btcpayserver/btcpayserver,BTCPayServer/Views/Wallets/SignWithSeed.cshtml,143d5f69c16a309b27c058233ca39aeabc4ded73,true,false
btcpayserver/btcpayserver,BTCPayServer/Views/Wallets/WalletSendVault.cshtml,143d5f69c16a309b27c058233ca39aeabc4ded73,true,false
btcpayserver/btcpayserver,BTCPayServer/bundleconfig.json,143d5f69c16a309b27c058233ca39aeabc4ded73,true,false
btcpayserver/btcpayserver,BTCPayServer/wwwroot/checkout/js/checkout.js,143d5f69c16a309b27c058233ca39aeabc4ded73,true,false
btcpayserver/btcpayserver,BTCPayServer/wwwroot/vendor/vue-qrcode-reader/VueQrcodeReader.umd.min.js,493f1b98c23b43f789a1573d2a03b3657e3a57ef,true,false
btcpayserver/btcpayserver,BTCPayServer/wwwroot/vendor/vue-qrcode-reader/VueQrcodeReader.umd.min.js.map,493f1b98c23b43f789a1573d2a03b3657e3a57ef,true,false
btcpayserver/btcpayserver,BTCPayServer/Controllers/StoresController.Onchain.cs,75776687bc268726ede2f0b3cd266e838029d161,true,false
btcpayserver/btcpayserver,BTCPayServer/Views/Stores/ImportWallet/ConfirmAddresses.cshtml,75776687bc268726ede2f0b3cd266e838029d161,true,false
btcpayserver/btcpayserver,BTCPayServer/HostedServices/BaseAsyncService.cs,b5ebd14589a5473b04023d67e0b1b5e5d131cd79,true,false
btcpayserver/btcpayserver,BTCPayServer/CurrencyValue.cs,d8a162fb6e6414a3eebeff49086521da0a7258fa,true,false
btcpayserver/btcpayserver,BTCPayServer.Client/JsonConverters/NumericStringJsonConverter.cs,e50c9266b4c35f2f25fa285f8f8091f6709f2f90,true,false
cake-build/cake,src/Cake.Core.Tests/Unit/Graph/CakeGraphTests.cs,61a7dfb50161fc83613b2378b7a9c94d195da118,true,false
cake-build/cake,src/Cake.Core/Graph/CakeGraph.cs,61a7dfb50161fc83613b2378b7a9c94d195da118,true,false
couchbase/couchbase-lite-net,.github/workflows/netcore_windows_build_test.yml,4bbf1bd80b75352991bee9401b1fc410e64356a5,false,true
couchbase/couchbase-lite-net,.github/workflows/uwp_build_test.yml,4bbf1bd80b75352991bee9401b1fc410e64356a5,false,true
couchbase/couchbase-lite-net,src/Couchbase.Lite.Tests.NetCore/Couchbase.Lite.Tests.NetCore.Source.csproj,4bbf1bd80b75352991bee9401b1fc410e64356a5,false,true
couchbase/couchbase-lite-net,src/Couchbase.Lite.Tests.NetCore/Couchbase.Lite.Tests.NetCore.Validation.csproj,4bbf1bd80b75352991bee9401b1fc410e64356a5,false,true
couchbase/couchbase-lite-net,src/Couchbase.Lite.Tests.NetCore/Couchbase.Lite.Tests.NetCore.sln,4bbf1bd80b75352991bee9401b1fc410e64356a5,false,true
couchbase/couchbase-lite-net,src/Couchbase.Lite.Tests.UWP/Couchbase.Lite.Tests.UWP.Source.csproj,4bbf1bd80b75352991bee9401b1fc410e64356a5,false,true
couchbase/couchbase-lite-net,src/Couchbase.Lite.Tests.UWP/Couchbase.Lite.Tests.UWP.Validation.csproj,4bbf1bd80b75352991bee9401b1fc410e64356a5,false,true
couchbase/couchbase-lite-net,src/Couchbase.Lite.Tests.UWP/Couchbase.Lite.Tests.UWP.sln,4bbf1bd80b75352991bee9401b1fc410e64356a5,false,true
couchbase/couchbase-lite-net,src/Couchbase.Lite/Properties/AssemblyInfo.cs,4bbf1bd80b75352991bee9401b1fc410e64356a5,false,true
csutorasa/XOutput,XOutput.Mapping/README.md,7ab6151763877107bf1896694981e32e6589156a,true,false
danielpalme/ReportGenerator,src/Readme.txt,05968cfffc25bb5ca78e54b5db7f334e089225cd,false,true
danielpalme/ReportGenerator,src/ReportGenerator.Core/Parser/OpenCoverParser.cs,05968cfffc25bb5ca78e54b5db7f334e089225cd,false,true
dbrizov/NaughtyAttributes,Assets/NaughtyAttributes/Samples/DemoScene/TestAssets/NaughtyScriptableObject.asset,178959b4f9ded9aead6cd1f9a80decf41b9b6812,true,false
dbrizov/NaughtyAttributes,Assets/NaughtyAttributes/Samples/DemoScene/TestAssets/TestScriptableObject 0.asset,178959b4f9ded9aead6cd1f9a80decf41b9b6812,true,false
dbrizov/NaughtyAttributes,Assets/NaughtyAttributes/Samples/DemoScene/TestAssets/TestScriptableObject 0.asset.meta,178959b4f9ded9aead6cd1f9a80decf41b9b6812,true,false
dbrizov/NaughtyAttributes,Assets/NaughtyAttributes/Samples/DemoScene/TestAssets/TestScriptableObject 1.asset,178959b4f9ded9aead6cd1f9a80decf41b9b6812,true,false
dbrizov/NaughtyAttributes,Assets/NaughtyAttributes/Samples/DemoScene/TestAssets/TestScriptableObject 1.asset.meta,178959b4f9ded9aead6cd1f9a80decf41b9b6812,true,false
dbrizov/NaughtyAttributes,Assets/NaughtyAttributes/Samples/DemoScene/TestAssets/TestScriptableObjectA.asset,178959b4f9ded9aead6cd1f9a80decf41b9b6812,true,false
dbrizov/NaughtyAttributes,Assets/NaughtyAttributes/Samples/DemoScene/TestAssets/TestScriptableObjectA.asset.meta,178959b4f9ded9aead6cd1f9a80decf41b9b6812,true,false
dbrizov/NaughtyAttributes,Assets/NaughtyAttributes/Samples/DemoScene/TestAssets/TestScriptableObjectB.asset,178959b4f9ded9aead6cd1f9a80decf41b9b6812,true,false
dbrizov/NaughtyAttributes,Assets/NaughtyAttributes/Samples/DemoScene/TestAssets/TestScriptableObjectB.asset.meta,178959b4f9ded9aead6cd1f9a80decf41b9b6812,true,false
dbrizov/NaughtyAttributes,Assets/NaughtyAttributes/Scripts/Editor/PropertyDrawers/ExpandablePropertyDrawer.cs,178959b4f9ded9aead6cd1f9a80decf41b9b6812,true,false
dbrizov/NaughtyAttributes,Assets/NaughtyAttributes/Scripts/Test/_NaughtyScriptableObject.cs,178959b4f9ded9aead6cd1f9a80decf41b9b6812,true,false
dbrizov/NaughtyAttributes,Assets/NaughtyAttributes/Scripts/Test/_TestScriptableObject.cs,178959b4f9ded9aead6cd1f9a80decf41b9b6812,true,false
dbrizov/NaughtyAttributes,Assets/NaughtyAttributes/Scripts/Test/_TestScriptableObject.cs.meta,178959b4f9ded9aead6cd1f9a80decf41b9b6812,true,false
dbrizov/NaughtyAttributes,Assets/NaughtyAttributes/Scripts/Test/_TestScriptableObjectA.cs,178959b4f9ded9aead6cd1f9a80decf41b9b6812,true,false
dbrizov/NaughtyAttributes,Assets/NaughtyAttributes/Scripts/Test/_TestScriptableObjectA.cs.meta,178959b4f9ded9aead6cd1f9a80decf41b9b6812,true,false
dbrizov/NaughtyAttributes,Assets/NaughtyAttributes/Scripts/Test/_TestScriptableObjectB.cs,178959b4f9ded9aead6cd1f9a80decf41b9b6812,true,false
dbrizov/NaughtyAttributes,Assets/NaughtyAttributes/Scripts/Test/_TestScriptableObjectB.cs.meta,178959b4f9ded9aead6cd1f9a80decf41b9b6812,true,false
dgarage/NBXplorer,NBXplorer/Repository.cs,621954d176dc7f77ffabcaadec682bb7cd332b71,true,false
dotnet-architecture/eShopOnContainers,deploy/k8s/helm/deploy-all.sh,42abcad37ebbb133aa76570c46d34c4685376913,true,false
dotnet/roslyn,src/Workspaces/CSharp/Portable/Classification/Worker_Preprocesser.cs,67f19d35cacee637d9e98f75e55d272f89f63c76,true,false
drunkcod/DataBoss,Source/DataBoss.Data/ConverterCache.cs,a0dabdcdd0d49dd6aadef519db8befb1fd25ff13,false,true
ejball/XmlDocMarkdown,src/XmlDocMarkdown.Core/MarkdownGenerator.cs,1e4ac653f61777acaac3dca8f547b15703219d06,true,false
exercism/xcsharp,exercises/practice/diffie-hellman/DiffieHellmanTests.cs,d72e33b25b5f2101ef145b8259f739f7d2a7ebbb,true,false
exercism/xcsharp,generators/Exercises/Generators/DiffieHellman.cs,d72e33b25b5f2101ef145b8259f739f7d2a7ebbb,true,false
gitextensions/gitextensions,GitUI/UserControls/FilterToolBar.cs,1a9098cf089a410a8b3b91830a82b1846f6aaad1,true,false
gitextensions/gitextensions,UnitTests/GitCommands.Tests/GitModuleTests.cs,55f85f44ccfae01437c4340cd0397995cc434a4d,false,true
gitextensions/gitextensions,GitCommands/Git/ExecutableExtensions.cs,5998acc73ee4750ef0b09b4d9b4f4579c09aacc3,true,false
gitextensions/gitextensions,IntegrationTests/UI.IntegrationTests/CommandsDialogs/FormBrowse.LeftPanelTests.Remotes.cs,5998acc73ee4750ef0b09b4d9b4f4579c09aacc3,true,false
googleads/google-ads-dotnet,src/Util/Examples/ExampleRunner.cs,38d23710724ba210b3a309b44d9c63db6f88948d,false,true
googleads/google-ads-dotnet,tests/TestResources.resx,38d23710724ba210b3a309b44d9c63db6f88948d,false,true
googleapis/google-api-dotnet-client,Src/Support/Google.Apis.Auth.Tests/OAuth2/GoogleCredentialTests.cs,1dbc2ee436c1025dff6b048c5f741f86b424f8b6,true,false
googleapis/google-api-dotnet-client,Src/Support/Google.Apis.Auth.Tests/OAuth2/OidcTokenFakes.cs,1dbc2ee436c1025dff6b048c5f741f86b424f8b6,true,false
googleapis/google-api-dotnet-client,Src/Support/Google.Apis.Auth.Tests/OAuth2/ServiceAccountCredentialTests.cs,1dbc2ee436c1025dff6b048c5f741f86b424f8b6,true,false
googleapis/google-api-dotnet-client,Src/Support/Google.Apis.Auth.Tests/OAuth2/TokenFakes.cs,1dbc2ee436c1025dff6b048c5f741f86b424f8b6,true,false
googleapis/google-api-dotnet-client,Src/Support/Google.Apis.Auth/OAuth2/ServiceAccountCredential.cs,1dbc2ee436c1025dff6b048c5f741f86b424f8b6,true,false
googleapis/google-api-dotnet-client,CONTRIBUTING.md,f0a5beb720cd9167702c82f3beb8e3d6685e1059,false,true
googleapis/google-api-dotnet-client,FAQ.md,f0a5beb720cd9167702c82f3beb8e3d6685e1059,false,true
googleapis/google-api-dotnet-client,Src/Support/Google.Apis/Requests/VersionHeaderBuilder.cs,f0a5beb720cd9167702c82f3beb8e3d6685e1059,false,true
googleapis/google-cloud-dotnet,apis/Google.Cloud.Diagnostics.Common/Google.Cloud.Diagnostics.Common/Logging/LoggingOptions.cs,0d07fb0106a591642b9ca4fc36e1fb3fe0d2ac63,true,true
googleapis/google-cloud-dotnet,apis/Google.Cloud.Spanner.Data/Google.Cloud.Spanner.Data.Tests/SpannerParameterTests.cs,9bc116d1f8bbff1ca5c34ba620eacbd611904cab,true,true
googleapis/google-cloud-dotnet,apis/Google.Cloud.Spanner.Data/Google.Cloud.Spanner.Data/SpannerParameter.cs,9bc116d1f8bbff1ca5c34ba620eacbd611904cab,true,true
googleapis/google-cloud-dotnet,apis/Google.Cloud.Diagnostics.Common/Google.Cloud.Diagnostics.Common.Snippets/AssemblyInfo.cs,b4d1ed44c5ebd81d7dcb6d1999ef1740897c4059,true,false
googleapis/google-cloud-dotnet,apis/Google.Cloud.Diagnostics.Common/Google.Cloud.Diagnostics.Common/Logging/LogEntryExtensions.cs,f77f48b54b2231dded361a713101f141f8bc5992,true,false
grpc/grpc-dotnet,test/FunctionalTests/Client/DeadlineTests.cs,cb2f9d782681d19025e64c6696aa70cc707b6bb7,true,false
grpc/grpc-dotnet,testassets/FunctionalTestsWebsite/Startup.cs,cb2f9d782681d19025e64c6696aa70cc707b6bb7,true,false
ikkentim/SampSharp,src/SampSharp.GameMode/SAMP/Server.cs,c88d53f21fb87da5a7dcb9daaeb62bdfc54db47c,true,false
insthync/LiteNetLibManager,Scripts/LogManager.cs,21bf01f1f0596d2a36fe50d54474ec6d438237a6,false,true
joinrpg/joinrpg-net,src/JoinRpg.Portal/Controllers/GameGroupsController.cs,854059a666cb4fdd5e84ecebdf73d2ac66fdf269,true,false
joinrpg/joinrpg-net,src/JoinRpg.Portal/Views/GameGroups/Report.cshtml,854059a666cb4fdd5e84ecebdf73d2ac66fdf269,true,false
kubernetes-client/csharp,.github/workflows/codeql-analysis.yml,3643250f40859514149b69c59996e366c524dbcc,false,true
kubernetes-client/csharp,tests/KubernetesClient.Tests/assets/elliptic-client.key,3643250f40859514149b69c59996e366c524dbcc,false,true
kubernetes-client/csharp,tests/KubernetesClient.Tests/assets/elliptic.crt,3643250f40859514149b69c59996e366c524dbcc,false,true
kubernetes-client/csharp,tests/KubernetesClient.Tests/assets/kubeconfig.additional-properties.yml,3643250f40859514149b69c59996e366c524dbcc,false,true
kubernetes-client/csharp,tests/KubernetesClient.Tests/assets/kubeconfig.yml,3643250f40859514149b69c59996e366c524dbcc,false,true
kwsch/PKHeX,PKHeX.Core/Saves/Substructures/Gen6/SecretBase6Block.cs,40031fd94d23d83ae3a2c6bb0ee137b0c6c59e95,true,false
kwsch/PKHeX,PKHeX.Core/Legality/RNG/Frame/FrameFinder.cs,910f9a651bc3ba6b014f74230897b8ff66639cf0,true,false
kwsch/PKHeX,PKHeX.Core/Legality/Verifiers/LevelVerifier.cs,97af5a31c175f95926315e7f530ffacd53d011bf,false,true
linq2db/linq2db,Tests/Tests.Benchmarks/Benchmarks/Queries/Issue3268Benchmark.cs,18d9f513409fb83aab7d588ac91791c8a4c3ff73,true,true
linq2db/linq2db,Tests/Tests.Benchmarks/results/LinqToDB.Benchmarks.Queries.Issue3268Benchmark-report-github.md,18d9f513409fb83aab7d588ac91791c8a4c3ff73,true,true
linq2db/linq2db,Source/LinqToDB/Expressions/MemberHelper.cs,2b323fc290d02c92c937d0d1bf0ef825a0e474f5,true,false
linq2db/linq2db,Tests/Linq/Linq/DynamicColumnsTests.cs,2b323fc290d02c92c937d0d1bf0ef825a0e474f5,true,false
linq2db/linq2db,Source/LinqToDB/Common/Internal/ValueComparer`.cs,75fc5d867b13aa6be93445179b748c45d4c1196a,true,false
linq2db/linq2db,Tests/Linq/Common/ValueComparerTests.cs,75fc5d867b13aa6be93445179b748c45d4c1196a,true,false
linq2db/linq2db,Tests/Linq/Common/ExtensionsTest.cs,a78fe01f5561441c9fe42d7d191590664cdb9bb6,true,false
lucasg/Dependencies,Dependencies/Program.cs,f652c4ab1c0d1968b90dbf9ed7106cb010906f62,true,false
mbrenn/datenmeister-new,src/Apps/StundenMeister/StundenMeister.csproj.old,837e0779f37cb03be7b55d1d2a3972c5b1297bdb,false,true
mbrenn/datenmeister-new,src/Web/ZipCodeWebsite/Models/ZipCodeLogic.cs,837e0779f37cb03be7b55d1d2a3972c5b1297bdb,false,true
mbrenn/datenmeister-new,src/Web/ZipCodeWebsite/Shared/MainLayout.razor,837e0779f37cb03be7b55d1d2a3972c5b1297bdb,false,true
microting/eform-sdk-dotnet,eFormCore/Communication/Http.cs,c5b06e8e30a180a4e2e13501f994a6300f770fd8,true,false
mono/mono-addins,mautil/AssemblyInfo.cs,ad4f313dc0d53665c1eab34a1097a017eefe0cf5,true,false
mono/mono-addins,mautil/mautil.csproj,ad4f313dc0d53665c1eab34a1097a017eefe0cf5,true,false
msarilar/EDEngineer,EDEngineer/releases/Application Files/EDEngineer_1_1_6_16/ControlzEx.dll.deploy,8d2a09617715fb8c85f45858918ea9200cc41c1e,true,false
msarilar/EDEngineer,EDEngineer/releases/Application Files/EDEngineer_1_1_6_16/EDEngineer.Models.dll.deploy,8d2a09617715fb8c85f45858918ea9200cc41c1e,true,false
msarilar/EDEngineer,EDEngineer/releases/Application Files/EDEngineer_1_1_6_16/EDEngineer.Server.dll.deploy,8d2a09617715fb8c85f45858918ea9200cc41c1e,true,false
msarilar/EDEngineer,EDEngineer/releases/Application Files/EDEngineer_1_1_6_16/EDEngineer.application,8d2a09617715fb8c85f45858918ea9200cc41c1e,true,false
msarilar/EDEngineer,EDEngineer/releases/Application Files/EDEngineer_1_1_6_16/EDEngineer.exe.config.deploy,8d2a09617715fb8c85f45858918ea9200cc41c1e,true,false
msarilar/EDEngineer,EDEngineer/releases/Application Files/EDEngineer_1_1_6_16/EDEngineer.exe.deploy,8d2a09617715fb8c85f45858918ea9200cc41c1e,true,false
msarilar/EDEngineer,EDEngineer/releases/Application Files/EDEngineer_1_1_6_16/EDEngineer.exe.manifest,8d2a09617715fb8c85f45858918ea9200cc41c1e,true,false
msarilar/EDEngineer,EDEngineer/releases/Application Files/EDEngineer_1_1_6_16/FSharp.Core.dll.deploy,8d2a09617715fb8c85f45858918ea9200cc41c1e,true,false
msarilar/EDEngineer,EDEngineer/releases/Application Files/EDEngineer_1_1_6_16/MahApps.Metro.IconPacks.Material.dll.deploy,8d2a09617715fb8c85f45858918ea9200cc41c1e,true,false
msarilar/EDEngineer,EDEngineer/releases/Application Files/EDEngineer_1_1_6_16/MahApps.Metro.dll.deploy,8d2a09617715fb8c85f45858918ea9200cc41c1e,true,false
msarilar/EDEngineer,EDEngineer/releases/Application Files/EDEngineer_1_1_6_16/Microsoft.WindowsAPICodePack.Shell.dll.deploy,8d2a09617715fb8c85f45858918ea9200cc41c1e,true,false
msarilar/EDEngineer,EDEngineer/releases/Application Files/EDEngineer_1_1_6_16/Microsoft.WindowsAPICodePack.dll.deploy,8d2a09617715fb8c85f45858918ea9200cc41c1e,true,false
msarilar/EDEngineer,EDEngineer/releases/Application Files/EDEngineer_1_1_6_16/Newtonsoft.Json.dll.deploy,8d2a09617715fb8c85f45858918ea9200cc41c1e,true,false
msarilar/EDEngineer,EDEngineer/releases/Application Files/EDEngineer_1_1_6_16/NodaTime.Serialization.JsonNet.dll.deploy,8d2a09617715fb8c85f45858918ea9200cc41c1e,true,false
msarilar/EDEngineer,EDEngineer/releases/Application Files/EDEngineer_1_1_6_16/NodaTime.dll.deploy,8d2a09617715fb8c85f45858918ea9200cc41c1e,true,false
msarilar/EDEngineer,EDEngineer/releases/Application Files/EDEngineer_1_1_6_16/Resources/Dll/System.Runtime.dll.deploy,8d2a09617715fb8c85f45858918ea9200cc41c1e,true,false
msarilar/EDEngineer,EDEngineer/releases/Application Files/EDEngineer_1_1_6_16/Resources/Images/elite-dangerous-clean.png.deploy,8d2a09617715fb8c85f45858918ea9200cc41c1e,true,false
msarilar/EDEngineer,EDEngineer/releases/Application Files/EDEngineer_1_1_6_16/Suave.dll.deploy,8d2a09617715fb8c85f45858918ea9200cc41c1e,true,false
msarilar/EDEngineer,EDEngineer/releases/Application Files/EDEngineer_1_1_6_16/System.Windows.Interactivity.dll.deploy,8d2a09617715fb8c85f45858918ea9200cc41c1e,true,false
msarilar/EDEngineer,EDEngineer/releases/Application Files/EDEngineer_1_1_6_16/XPlot.Plotly.dll.deploy,8d2a09617715fb8c85f45858918ea9200cc41c1e,true,false
msarilar/EDEngineer,EDEngineer/releases/Application Files/EDEngineer_1_1_6_16/elite-dangerous-icon.ico.deploy,8d2a09617715fb8c85f45858918ea9200cc41c1e,true,false
mysql-net/MySqlConnector,src/MySqlConnector.Logging.Microsoft.Extensions.Logging/MySqlConnectorLoggingExtensions.cs,55d15850a692560eb546e4dc03ceece773a523cd,false,true
nunit/nunit,src/NUnitFramework/framework/Constraints/Numerics.cs,baa39a9b2d2d7e117c4953e93b54833dfbeb36e1,true,false
oleg-shilo/wixsharp,Source/src/WixSharp/Compiler.cs,4c22b2082a7f3829bc1bc84fecba07282ab05d6e,true,false
overtools/OWLib,DataTool/Program.cs,c1e6893711a43b4ac816f5501367b88367d9cafd,false,true
p-org/P,Docs/docs/getstarted/build.md,5fdb9abcdea314b619176d9baef2c3c2ebf40443,true,false
p-org/P,Tutorial/2_TwoPhaseCommit/PForeign/ForeignCode.cs,5fdb9abcdea314b619176d9baef2c3c2ebf40443,true,false
p-org/P,Tutorial/2_TwoPhaseCommit/PSpec/Atomicity.p,5fdb9abcdea314b619176d9baef2c3c2ebf40443,true,false
p-org/P,Tutorial/2_TwoPhaseCommit/PSrc/Participant.p,5fdb9abcdea314b619176d9baef2c3c2ebf40443,true,false
p-org/P,Tutorial/2_TwoPhaseCommit/PTst/TestDriver.p,5fdb9abcdea314b619176d9baef2c3c2ebf40443,true,false
pythonnet/pythonnet,src/runtime/propertyobject.cs,2742815003e198c59c856a3eb64e4158fc332b6a,false,true
pythonnet/pythonnet,pythonnet/__init__.py,dea6bcbff2ea8b8050d68b1b33fdfae9e346587b,true,false
r3c/cottle,src/Cottle/Documents/Compiled/Scope.cs,b4251ba24c328b0909f25a77dbe45e13b616a8f6,true,false
rosolko/WebDriverManager.Net,WebDriverManager/Services/Impl/BinaryService.cs,ab03ef84105fc98af4dca5762e05c02b6cc1c6e0,true,false
rsdn/CodeJam,CodeJam.Main/Collections/QueryableExtensions.Ranges.cs,73088f51b7c310e54721060e4e838c00e6bc29ad,false,true
sillsdev/libpalaso,SIL.Core.Desktop/Settings/CrossPlatformSettingsProvider.cs,d7a7d998b889f8b046fd5b8c0ab26a73bfd0834c,true,false
sillsdev/libpalaso,TestApps/ReportingTest/Settings.cs,d7a7d998b889f8b046fd5b8c0ab26a73bfd0834c,true,false
sillsdev/libpalaso,SIL.Windows.Forms/Reporting/ExceptionReportingDialog.cs,e03a28571c5fda0e4928b3d4c9a8a38ce7a6e1cf,false,true
smith-chem-wisc/MetaMorpheus,EngineLayer/PsmTsv/PsmFromTsv.cs,708f5b18a801a7d18a447042d1cb07601b03dbef,true,false
smith-chem-wisc/MetaMorpheus,Test/PsvTsvTest.cs,708f5b18a801a7d18a447042d1cb07601b03dbef,true,false
smith-chem-wisc/MetaMorpheus,Test/Test.csproj,708f5b18a801a7d18a447042d1cb07601b03dbef,true,false
smith-chem-wisc/MetaMorpheus,Test/TestData/oglyco.psmtsv,708f5b18a801a7d18a447042d1cb07601b03dbef,true,false
smith-chem-wisc/MetaMorpheus,Test/TestData/oglycoSinglePsms.psmtsv,708f5b18a801a7d18a447042d1cb07601b03dbef,true,false
space-wizards/space-station-14,Content.Server/Atmos/Piping/EntitySystems/AtmosDeviceSystem.cs,03e5c153da8c6ab97790a356dbc7da2fc43d1dd7,true,false
space-wizards/space-station-14,Content.Server/Power/EntitySystems/CableVisSystem.cs,1df8402c17a225a7ffe096d6f755a7b85d69b29f,true,false
space-wizards/space-station-14,Content.Server/Atmos/Piping/Unary/EntitySystems/GasVentScrubberSystem.cs,328b3b2b6a9dbb8e2ffc6d008d401a419d057449,true,false
space-wizards/space-station-14,Content.Server/Chemistry/Components/HyposprayComponent.cs,34326cfed73f76b00d8696285363d75478d354ee,true,false
space-wizards/space-station-14,Content.Server/Power/Nodes/CableDeviceNode.cs,359b4b866d754244c7bbb47b2c49fbb5a2c13adf,true,false
space-wizards/space-station-14,Content.Client/Chat/UI/SpeechBubble.cs,3d0881cefdcf36b97efb61efa6b1d7c61922d286,true,false
space-wizards/space-station-14,Content.Server/GameTicking/GameTicker.LobbyMusic.cs,48c9f0d646fe66fef49a011a28a27d3952a52bb1,true,false
space-wizards/space-station-14,Content.Shared/Examine/ExamineSystemShared.cs,722cafa042d9e4adf33b9b5529da52e31943dc92,true,false
space-wizards/space-station-14,Content.Server/StationEvents/Events/MeteorSwarm.cs,734bfb4fad15220a494d1bb7b122d69aadcad722,true,false
space-wizards/space-station-14,Content.Server/Spawners/Components/TimedSpawnerComponent.cs,787aa246566e89d7dc4107cf78361a19023a4dc9,true,false
space-wizards/space-station-14,Content.Server/Database/ServerDbBase.cs,7f3d064ec41ddb20cf262c0bd3be095abc32f426,true,false
space-wizards/space-station-14,Resources/Prototypes/Entities/Objects/Specific/chemistry-bottles.yml,c29b23eb6489401e0465b830945cccac246e3d6d,true,false
space-wizards/space-station-14,Content.Server/Power/Nodes/CableTerminalPortNode.cs,cb2c044c08bfb22ae3810d6b0d87f3d741c9a224,true,false
space-wizards/space-station-14,Resources/Locale/en-US/administration/ui/permissions-eui.ftl,da215096da9281d789b116c74bb1e981335fc15a,true,false
space-wizards/space-station-14,Content.Server/Singularity/Components/ServerSingularityComponent.cs,dad471562d1b457929944a6ac0b597b1df1b9fc7,false,true
space-wizards/space-station-14,Resources/Prototypes/Entities/Objects/Specific/chemistry.yml,dae3ed30063f31cae547b2aeda3bb3c45c458674,true,false
space-wizards/space-station-14,Content.Server/Power/Nodes/CableTerminalNode.cs,eaaeefb74ba0a68aae9e262b97ff2cc13efcbd84,true,false
space-wizards/space-station-14,Resources/Locale/en-US/atmos/gas-tank-component.ftl,fc46ff305cfde9cd5c126b393969d62e0096c007,true,false
stephanstapel/ZUGFeRD-csharp,ZUGFeRD/InvoiceDescriptor21Writer.cs,205fd9594a22b5c49315c71eb00949e1f062dc51,false,true
stephanstapel/ZUGFeRD-csharp,ZUGFeRD/InvoiceDescriptor.cs,649370912144ff524e2417dd5cf7c076fd774e3c,true,false
tigrouind/AITD-roomviewer,Assets/Materials/Model/Gradient.mat,6c05708f9e268364e7d1992f94e4a1a9829f5e71,false,true
tigrouind/AITD-roomviewer,Assets/Materials/Model/Gradient.mat.meta,6c05708f9e268364e7d1992f94e4a1a9829f5e71,false,true
tigrouind/AITD-roomviewer,Assets/Materials/Model/Gradient.shader,6c05708f9e268364e7d1992f94e4a1a9829f5e71,false,true
tigrouind/AITD-roomviewer,Assets/Materials/Model/Gradient.shader.meta,6c05708f9e268364e7d1992f94e4a1a9829f5e71,false,true
tigrouind/AITD-roomviewer,Assets/Materials/Model/Gradient2.mat,6c05708f9e268364e7d1992f94e4a1a9829f5e71,false,true
tigrouind/AITD-roomviewer,Assets/Materials/Model/Gradient2.mat.meta,6c05708f9e268364e7d1992f94e4a1a9829f5e71,false,true
tigrouind/AITD-roomviewer,Assets/Materials/Model/Gradient2.shader,6c05708f9e268364e7d1992f94e4a1a9829f5e71,false,true
tigrouind/AITD-roomviewer,Assets/Materials/Model/Gradient2.shader.meta,6c05708f9e268364e7d1992f94e4a1a9829f5e71,false,true
tigrouind/AITD-roomviewer,Assets/Materials/Model/GradientH.mat,6c05708f9e268364e7d1992f94e4a1a9829f5e71,false,true
tigrouind/AITD-roomviewer,Assets/Materials/Model/GradientH.mat.meta,6c05708f9e268364e7d1992f94e4a1a9829f5e71,false,true
tigrouind/AITD-roomviewer,Assets/Materials/Model/GradientH.shader,6c05708f9e268364e7d1992f94e4a1a9829f5e71,false,true
tigrouind/AITD-roomviewer,Assets/Materials/Model/GradientH.shader.meta,6c05708f9e268364e7d1992f94e4a1a9829f5e71,false,true
tigrouind/AITD-roomviewer,Assets/Materials/Model/GradientV.mat,6c05708f9e268364e7d1992f94e4a1a9829f5e71,false,true
tigrouind/AITD-roomviewer,Assets/Materials/Model/GradientV.mat.meta,6c05708f9e268364e7d1992f94e4a1a9829f5e71,false,true
tigrouind/AITD-roomviewer,Assets/Materials/Model/GradientV.shader,6c05708f9e268364e7d1992f94e4a1a9829f5e71,false,true
tigrouind/AITD-roomviewer,Assets/Materials/Model/GradientV.shader.meta,6c05708f9e268364e7d1992f94e4a1a9829f5e71,false,true
uholeschak/ediabaslib,BmwDeepObd/ActivityCommon.cs,3b938564633962795f9fa79164d7e817552bb6a7,false,true
umbraco/Umbraco-CMS,src/Umbraco.Web/Editors/MemberGroupController.cs,08075e511fafe672ee0782cb012b3a3bff84853f,false,true
umbraco/Umbraco-CMS,src/Umbraco.Core/Strings/DefaultUrlSegmentProvider.cs,f7ea400e5ade7a67d24ddc03d61cb53a468314a7,true,false
umbraco/Umbraco-CMS,src/Umbraco.Tests/PublishedContent/NuCacheRebuildTests.cs,f7ea400e5ade7a67d24ddc03d61cb53a468314a7,true,false
umbraco/Umbraco-CMS,src/Umbraco.Tests/Umbraco.Tests.csproj,f7ea400e5ade7a67d24ddc03d61cb53a468314a7,true,false
vchelaru/Gum,CodeOutputPlugin/Views/CodeWindow.xaml.cs,f00e9e6f1109fcc594b447e8c962592cb4a07f64,true,false
xenserver/xenadmin,XenAdmin/Dialogs/EvacuateHostDialog.cs,5c66471db091fbbfc43d1ebd05fb09641e1ba867,true,false
